epoch,lr,train_acc,train_macro_f1,train_weighted_f1,train_balanced_acc,train_loss,train_top1_acc,epoch_seconds
1,9.497347427718709e-05,0.08620689655172414,0.059259185369470425,0.06565728124029982,0.0748894903801578,4.274635561581316,0.08620689655172414,1.8416516780853271
2,9.489392673459979e-05,0.21551724137931033,0.15347501181815612,0.17093985495440947,0.1899021164858269,3.460376103170987,0.21551724137931033,1.419677734375
3,9.476144621670394e-05,0.375,0.32040233937366025,0.3329699961046785,0.36164946937340664,2.9059249598404455,0.375,1.367656946182251
4,9.457618068735205e-05,0.4706896551724138,0.4264654530005934,0.42727129741919473,0.46613557382788157,2.5010517498542524,0.4706896551724138,1.3672609329223633
5,9.433833706452636e-05,0.5724137931034483,0.5366252454565165,0.5414266520171325,0.5693956657493362,2.183540965770853,0.5724137931034483,1.395853042602539
6,9.404818098923787e-05,0.6448275862068965,0.6037082952921803,0.616874210471665,0.6296619261834194,1.8437463480850746,0.6448275862068965,1.3628127574920654
7,9.370603652883927e-05,0.6775862068965517,0.638708266979045,0.6511325489725814,0.6674103250319313,1.641684653019083,0.6775862068965517,1.3444933891296387
8,9.331228581508288e-05,0.7551724137931034,0.726561360738638,0.7374098637201418,0.7439506422750201,1.3511385350391782,0.7551724137931034,1.3570153713226318
9,9.286736861732834e-05,0.7939655172413793,0.7809247983872448,0.7840511079268401,0.7905278183569889,1.19259006894868,0.7939655172413793,1.3539752960205078
10,9.237178185137615e-05,0.8275862068965517,0.8155352000348165,0.8192056513915081,0.8223690682118284,1.0494077008346032,0.8275862068965517,1.3477773666381836
11,9.182607902447613e-05,0.8543103448275862,0.8477536330876873,0.8501666646211476,0.8573557656207543,0.8838743612684052,0.8543103448275862,1.4122741222381592
12,9.123086961713037e-05,0.871551724137931,0.8631584303569336,0.8670076753555148,0.8698609215398927,0.7991643634335748,0.871551724137931,1.3468706607818604
13,9.05868184023812e-05,0.906896551724138,0.899364233677016,0.9044357197935025,0.9043433196077427,0.667447724835626,0.906896551724138,1.3551909923553467
14,8.989464470334437e-05,0.9370689655172414,0.9333115545070445,0.9360504339538517,0.9355652627287244,0.5332408738547358,0.9370689655172414,1.3900983333587646
15,8.91551215898169e-05,0.9431034482758621,0.9397018648054514,0.9418366479284414,0.939926793292178,0.4518709119023948,0.9431034482758621,1.3310346603393555
16,8.836907501485662e-05,0.9370689655172414,0.9325522695020148,0.9362881304452707,0.9325429888424798,0.42806283934363004,0.9370689655172414,1.3457787036895752
17,8.753738289229786e-05,0.9586206896551724,0.9524659432196196,0.9570640205577331,0.9529251584130722,0.34165022023792924,0.9586206896551724,1.4784889221191406
18,8.666097411623361e-05,0.9672413793103448,0.9631870986453782,0.9661622470941371,0.9635996215323138,0.27692650566840993,0.9672413793103448,1.3862760066986084
19,8.574082752355924e-05,0.9732758620689655,0.970556625840935,0.9731544532003678,0.9710838401166456,0.2288930754209387,0.9732758620689655,1.3357672691345215
20,8.47779708007364e-05,0.9775862068965517,0.976743672465813,0.9771561162066046,0.9753735141178581,0.19690925499488568,0.9775862068965517,1.370246171951294
21,8.377347933599827e-05,0.9836206896551725,0.983398554238822,0.9833518403702144,0.9842548304510975,0.16660833625957883,0.9836206896551725,1.363245964050293
22,8.272847501827799e-05,0.9767241379310345,0.9740320237954824,0.9766693817764516,0.9746140611525228,0.15224214288695107,0.9767241379310345,1.3714916706085205
23,8.164412498420165e-05,0.9922413793103448,0.9918018458905491,0.9922333213598157,0.9918066363626318,0.10967599713596804,0.9922413793103448,1.366004228591919
24,8.052164031454552e-05,0.9896551724137931,0.990503566398725,0.9897044051513462,0.9917851483477228,0.10136635022173668,0.9896551724137931,1.3557045459747314
25,7.936227468161312e-05,0.9922413793103448,0.9918380037084138,0.9921384064480313,0.9911604020979022,0.08140967136313175,0.9922413793103448,1.4274015426635742
26,7.816732294904312e-05,0.9913793103448276,0.9902017679195283,0.9912819257971388,0.9907482741617357,0.07168288749867473,0.9913793103448276,1.4019277095794678
27,7.693811972561165e-05,0.9887931034482759,0.988327650592532,0.9886792076318114,0.9882535733497273,0.07134018722793152,0.9887931034482759,1.3717930316925049
28,7.567603787464439e-05,0.9974137931034482,0.9979106579106579,0.9974111747215194,0.997932988064567,0.05228289250155975,0.9974137931034482,1.3566951751708984
29,7.438248698070329e-05,0.993103448275862,0.9900729602552492,0.9930877069493269,0.9898989898989898,0.04889690963358714,0.993103448275862,1.3724448680877686
30,7.305891177526022e-05,0.9956896551724138,0.9955948989408265,0.9957307378963143,0.996073717948718,0.034125671214584645,0.9956896551724138,1.3760175704956055
31,7.170679052311609e-05,0.996551724137931,0.996683348328085,0.9965584459232373,0.9969093406593407,0.028798502953401927,0.996551724137931,1.3669815063476562
32,7.03276333713675e-05,0.9956896551724138,0.9952254246064292,0.9957276951937799,0.9959353146853147,0.02814994938671589,0.9956896551724138,1.3979322910308838
33,6.892298066276485e-05,0.9982758620689656,0.9983453499743093,0.9982582751933664,0.998057498057498,0.01855868336198659,0.9982758620689656,1.398773431777954
34,6.749440121534593e-05,0.9982758620689656,0.9975961538461539,0.9982758620689656,0.9975961538461539,0.01714063045279733,0.9982758620689656,1.3520750999450684
35,6.604349057026601e-05,0.9982758620689656,0.998044112749995,0.998271778931008,0.998057498057498,0.017444812461476902,0.9982758620689656,1.4164447784423828
36,6.457186920978187e-05,0.9974137931034482,0.996502734185023,0.9974556478744364,0.9975509533201842,0.014284265664374006,0.9974137931034482,1.471116065979004
37,6.308118074737955e-05,0.9974137931034482,0.9977433937300157,0.9974031665485938,0.9977522477522478,0.012543835137681715,0.9974137931034482,1.4172985553741455
38,6.157309009206764e-05,0.9956896551724138,0.9952677811032435,0.9956815314147438,0.9954839658723154,0.019170217347684607,0.9956896551724138,1.43387770652771
39,6.0049281588886113e-05,0.9982758620689656,0.9980125653500267,0.9982567727635518,0.9977297008547008,0.009052217279657208,0.9982758620689656,1.3789842128753662
40,5.8511457137707614e-05,0.996551724137931,0.9958364151873768,0.9965605658709106,0.9961939102564104,0.012033644103412998,0.996551724137931,1.352994441986084
41,5.6961334292432236e-05,0.9974137931034482,0.9978571063086259,0.9973903672778667,0.9976648351648352,0.017417086384676653,0.9974137931034482,1.3837730884552002
42,5.540064434269868e-05,0.9974137931034482,0.9973067295658034,0.9974299771265805,0.997676282051282,0.009516412133736343,0.9974137931034482,1.350522518157959
43,5.383113038025451e-05,0.9982758620689656,0.99842005105163,0.9982602644127145,0.9981643356643357,0.012566910186332875,0.9982758620689656,1.3895390033721924
44,5.225454535214469e-05,0.9991379310344828,0.9987179487179488,0.9991379310344828,0.9987980769230769,0.007714564793197245,0.9991379310344828,1.4020161628723145
45,5.067265010289329e-05,0.9982758620689656,0.9981643356643357,0.9982836990595612,0.998397435897436,0.012949291533180352,0.9982758620689656,1.3947312831878662
46,4.908721140786455e-05,0.9974137931034482,0.9973674903438969,0.9974174645889397,0.9975591715976331,0.008028990889353485,0.9974137931034482,1.4343976974487305
47,4.7499999999999996e-05,0.9974137931034482,0.9974527029381954,0.997407862603358,0.9974435286935287,0.010167700925777698,0.9974137931034482,1.5077173709869385
48,4.5912788592135464e-05,1.0,1.0,1.0,1.0,0.0035942704978816466,1.0,1.5075476169586182
49,4.4327349897106735e-05,0.9991379310344828,0.9990028490028491,0.9991507024265645,0.9993131868131868,0.0069130886530760546,0.9991379310344828,1.5062737464904785
50,4.2745454647855325e-05,0.9974137931034482,0.9972671598178697,0.9974242848149962,0.9975233100233101,0.00795613021332899,0.9974137931034482,1.3891000747680664
51,4.1168869619745507e-05,0.9991379310344828,0.999112426035503,0.9991202475685235,0.9987980769230769,0.006373221632735482,0.9991379310344828,1.3972759246826172
52,3.9599355657301324e-05,0.9982758620689656,0.9982905982905983,0.9983141762452108,0.9987980769230769,0.008234080815173942,0.9982758620689656,1.397078037261963
53,3.803866570756778e-05,0.996551724137931,0.995846310552193,0.9966133224449654,0.9965277777777778,0.01225333392925175,0.996551724137931,1.37862229347229
54,3.648854286229241e-05,0.9974137931034482,0.9973257521632135,0.9974111241592827,0.9973290598290598,0.0066405993974607055,0.9974137931034482,1.4056880474090576
55,3.495071841111391e-05,1.0,1.0,1.0,1.0,0.0026198731719291415,1.0,1.4366164207458496
56,3.342690990793239e-05,0.9982758620689656,0.9982988165680472,0.9982957559681699,0.9986263736263736,0.008018946640418264,0.9982758620689656,1.38120698928833
57,3.191881925262047e-05,0.9991379310344828,0.9990758669248372,0.9991339856387594,0.9990384615384615,0.006628238359980028,0.9991379310344828,1.422231674194336
58,3.0428130790218137e-05,0.9974137931034482,0.996828114677085,0.997372955695768,0.9967948717948718,0.009000269175860389,0.9974137931034482,1.4386048316955566
59,2.8956509429733998e-05,0.9982758620689656,0.9975961538461539,0.9982758620689656,0.9975961538461539,0.007223260808928773,0.9982758620689656,1.4846522808074951
60,2.7505598784654094e-05,0.9991379310344828,0.9991430138488961,0.9991502243530641,0.9994343891402715,0.004652101938323728,0.9991379310344828,1.4065783023834229
61,2.6077019337235153e-05,0.9982758620689656,0.9973847720906546,0.9983324903629163,0.9986947441698573,0.009119764608652171,0.9982758620689656,1.603531837463379
62,2.467236662863252e-05,1.0,1.0,1.0,1.0,0.0019943393855195108,1.0,1.3862016201019287
63,2.3293209476883917e-05,0.9991379310344828,0.9990758669248372,0.999141876430206,0.9991987179487178,0.0027432826869510886,0.9991379310344828,1.4461870193481445
64,2.1941088224739802e-05,1.0,1.0,1.0,1.0,0.0018220234830895888,1.0,1.4953017234802246
65,2.0617513019296738e-05,0.9991379310344828,0.9986679986679986,0.9991565905359008,0.9991258741258741,0.005198611245201579,0.9991379310344828,1.3673484325408936
66,1.9323962125355627e-05,0.9991379310344828,0.9986214502343534,0.9991719194166359,0.9993990384615384,0.002420437103940238,0.9991379310344828,1.4157795906066895
67,1.8061880274388377e-05,0.9974137931034482,0.9958925605433702,0.9974159536772966,0.9959823830016137,0.006903515377981138,0.9974137931034482,1.4567275047302246
68,1.683267705095688e-05,0.996551724137931,0.99626822730271,0.9965055458040001,0.9960352147852147,0.007195037282232581,0.996551724137931,1.3968760967254639
69,1.5637725318386894e-05,0.9974137931034482,0.9972503373819163,0.9973885864085501,0.9969017094017094,0.0070429310435429215,0.9974137931034482,1.4197821617126465
70,1.447835968545449e-05,0.9982758620689656,0.9981112637362638,0.9982758620689656,0.9981112637362638,0.004020373911018772,0.9982758620689656,1.3918979167938232
71,1.3355875015798362e-05,0.9991379310344828,0.9989409141583055,0.999127936031984,0.9987980769230769,0.005570689871393401,0.9991379310344828,1.4024441242218018
72,1.2271524981722013e-05,0.9991379310344828,0.9992025518341308,0.9991475554088985,0.9994343891402715,0.003302946238746417,0.9991379310344828,1.3942830562591553
73,1.1226520664001734e-05,0.9991379310344828,0.9989501813323153,0.9991186788739626,0.9986263736263736,0.003016233326995681,0.9991379310344828,1.4127800464630127
74,1.02220291992636e-05,0.9974137931034482,0.9975947603121516,0.9974152923538231,0.9977810650887574,0.013342383063141386,0.9974137931034482,1.3860373497009277
75,9.259172476440762e-06,0.9982758620689656,0.9983611103188411,0.9982599297928593,0.9981112637362638,0.006020598212289142,0.9982758620689656,1.4158389568328857
76,8.339025883766394e-06,0.996551724137931,0.9964629120879122,0.9964809113300491,0.9961149961149961,0.005855859398584942,0.996551724137931,1.4248723983764648
77,7.46261710770214e-06,0.9991379310344828,0.9989287900428484,0.9991562242751303,0.9993589743589744,0.0027019661216964494,0.9991379310344828,1.4355323314666748
78,6.630924985143389e-06,0.9974137931034482,0.9972400284900285,0.997440932311622,0.9978338968723585,0.00724852648563683,0.9974137931034482,1.387834072113037
79,5.844878410183103e-06,0.9982758620689656,0.998439060939061,0.9982590685176892,0.998397435897436,0.005011009606372179,0.9982758620689656,1.441450595855713
80,5.105355296655646e-06,0.9991379310344828,0.9990163289396026,0.9991313166945939,0.9989316239316239,0.0018703102495457077,0.9991379310344828,1.4418754577636719
81,4.413181597618816e-06,0.9991379310344828,0.9992592592592593,0.9991366538952746,0.9992603550295858,0.002727224249071602,0.9991379310344828,1.400744915008545
82,3.7691303828696376e-06,0.9991379310344828,0.9993123096571371,0.9991368300524068,0.9993131868131868,0.003948678095535985,0.9991379310344828,1.3886897563934326
83,3.173920975523878e-06,0.9974137931034482,0.9977511244377811,0.9974486894483793,0.9981971153846154,0.005393450642165182,0.9974137931034482,1.473397970199585
84,2.6282181486238515e-06,1.0,1.0,1.0,1.0,0.0013986490923782874,1.0,1.456383466720581
85,2.132631382671659e-06,0.9991379310344828,0.9991638795986623,0.9991379310344828,0.9991987179487178,0.0022969600174511814,0.9991379310344828,1.5114386081695557
86,1.6877141849171124e-06,0.996551724137931,0.9960542929292929,0.996533220132358,0.9962606837606838,0.009263807704575874,0.996551724137931,1.396219253540039
87,1.2939634711607393e-06,0.996551724137931,0.9964845801506418,0.996528687950554,0.9963630119880121,0.004736340437726728,0.996551724137931,1.3962733745574951
88,9.51819010762129e-07,1.0,1.0,1.0,1.0,0.0014913036423767434,1.0,1.450446367263794
89,6.616629354736428e-07,0.9991379310344828,0.9992307692307693,0.9991379310344828,0.9992603550295858,0.004754218090614625,0.9991379310344828,1.4354329109191895
90,4.238193126479485e-07,1.0,1.0,1.0,1.0,0.0014183516329122259,1.0,1.4018135070800781
91,2.3855378329605346e-07,0.9982758620689656,0.9986193293885601,0.9982670203359858,0.9986263736263736,0.0038530947166848287,0.9982758620689656,1.3861219882965088
92,1.0607326540022468e-07,0.9991379310344828,0.9990360516676305,0.9991400916083312,0.9991258741258741,0.0042911926565434915,0.9991379310344828,1.4397685527801514
93,2.6525722812905926e-08,0.9991379310344828,0.9989501813323153,0.9991571831950029,0.9993990384615384,0.0020850871761875418,0.9991379310344828,1.6332228183746338
94,0.0,0.9974137931034482,0.9974538289396027,0.9973748511773524,0.9971833721833723,0.004457915079747808,0.9974137931034482,1.5802345275878906
